109384	0DEA:0EDA	t65535	-1
109394	1A79:17D4	t2	206148
109404	1C89:000C	t2	208508
109414	1F13:096A	t2	221306
109424	1C89:0032	t2	208546
109434	1C89:0B74	t2	211428
109444	1C89:0A12	t2	211074
109454	1DF9:0196	t0	133510
109464	1BFF:000A	t2	206298
109474	1C07:002A	t0	125178
109484	1A79:0000	t0	118768
109494	1C07:1B4C	t0	132124
109504	1DBD:0002	t3	237058
109514	1BF6:0006	t3	229782
109524	1CF5:0004	t3	233860
109534	1A79:01E6	t3	224166
109544	1AB5:000A	t3	224650
109554	1C4B:0002	t3	231138
109564	1A79:0000	t3	223680
109574	1BB6:0000	t3	228752
109584	1D6B:0002	t3	235746
109594	1AB5:0C18	t3	227736
109604	1D6B:034C	t3	236588
109614	1C4B:06C4	t3	232868
109624	1BF6:006A	t3	229882
109634	1C4B:06FC	t3	232924
109644	1C4B:059E	t3	232574
109654	1C07:0006	t0	125142
109664	1D50:0000	t2	211680
109674	1C07:170A	t0	131034
109684	1A79:0DBA	t0	122282
109694	1B72:0022	t0	122786
109704	20F4:52CA	t1	187018
109714	1C89:0BAC	t2	211484
109724	1C89:0176	t2	208870
109734	1C89:0A82	t2	211186
109744	1ABF:00DA	t1	140618
109754	1ABF:02CA	t1	141114
109764	1ABF:02F2	t1	141154
109774	1ABF:0328	t1	141208
109784	1ABF:014A	t1	140730
109794	1ABF:0368	t1	141272
109804	1ABF:01C6	t1	140854
109814	1ABF:01DE	t1	140878
109824	1ABF:0212	t1	140930
109834	1ABF:0062	t1	140498
109844	1ABF:022A	t1	140954
109854	1ABF:006A	t1	140506
109864	1ABF:0242	t1	140978
109874	1ABF:028A	t1	141050
109884	20F4:540A	t1	187338
